company_id,location_id,period_start,period_end,pct_of_work,record_count,source
1,FAB-1F,2023-10-01,2023-12-31,25.6,145,P6
1,SUW-MULTI,2023-10-01,2023-12-31,12.7,72,P6
1,SUE-1F,2023-10-01,2023-12-31,10.2,58,P6
1,SUW-3F,2023-10-01,2023-12-31,9.3,53,P6
1,SUE-3F,2023-10-01,2023-12-31,9.2,52,P6
1,SUE-4F,2023-10-01,2023-12-31,9.0,51,P6
1,SUW-4F,2023-10-01,2023-12-31,8.6,49,P6
1,SUE-2F,2023-10-01,2023-12-31,5.1,29,P6
1,SUW-1F,2023-10-01,2023-12-31,5.1,29,P6
1,SUP-MULTI,2023-10-01,2023-12-31,4.9,28,P6
1,SUE-MULTI,2023-10-01,2023-12-31,0.2,1,P6
1,SUW-4F,2024-01-01,2024-03-31,32.4,463,P6
1,SUE-4F,2024-01-01,2024-03-31,17.8,254,P6
1,SUW-1F,2024-01-01,2024-03-31,15.8,226,P6
1,FAB-3F,2024-01-01,2024-03-31,9.7,138,P6
1,SUE-1F,2024-01-01,2024-03-31,6.2,89,P6
1,SUW-3F,2024-01-01,2024-03-31,5.9,84,P6
1,FAB-1F,2024-01-01,2024-03-31,2.0,29,P6
1,FIZ-3F,2024-01-01,2024-03-31,2.0,29,P6
1,FIZ-4F,2024-01-01,2024-03-31,2.0,29,P6
1,SUE-3F,2024-01-01,2024-03-31,2.0,29,P6
1,SUE-MULTI,2024-01-01,2024-03-31,2.0,29,P6
1,SUW-2F,2024-01-01,2024-03-31,2.0,29,P6
1,SUW-3F,2024-04-01,2024-06-30,26.3,922,P6
1,SUE-3F,2024-04-01,2024-06-30,10.3,363,P6
1,SUW-4F,2024-04-01,2024-06-30,6.7,234,P6
1,SUE-4F,2024-04-01,2024-06-30,6.1,214,P6
1,FIZ-2F,2024-04-01,2024-06-30,6.0,212,P6
1,FAB-3F,2024-04-01,2024-06-30,5.8,205,P6
1,SUW-1F,2024-04-01,2024-06-30,4.9,172,P6
1,SUE-MULTI,2024-04-01,2024-06-30,4.8,167,P6
1,FIZ-3F,2024-04-01,2024-06-30,3.8,134,P6
1,MULTI-MULTI,2024-04-01,2024-06-30,3.8,133,P6
1,SUW-MULTI,2024-04-01,2024-06-30,3.8,133,P6
1,SUE-2F,2024-04-01,2024-06-30,3.2,111,P6
1,SUW-2F,2024-04-01,2024-06-30,2.6,93,P6
1,FIZ-1F,2024-04-01,2024-06-30,1.9,66,P6
1,MULTI-1F,2024-04-01,2024-06-30,1.9,65,P6
1,FAB-4F,2024-04-01,2024-06-30,1.6,55,P6
1,FIZ-MULTI,2024-04-01,2024-06-30,1.4,49,P6
1,SUE-6F,2024-04-01,2024-06-30,1.4,50,P6
1,FIZ-4F,2024-04-01,2024-06-30,1.2,41,P6
1,SUE-1F,2024-04-01,2024-06-30,0.9,33,P6
1,FAB-2F,2024-04-01,2024-06-30,0.8,29,P6
1,SUW-6F,2024-04-01,2024-06-30,0.7,24,P6
1,FAB-5F,2024-04-01,2024-06-30,0.1,2,P6
1,SUE-5F,2024-04-01,2024-06-30,0.1,3,P6
1,SUW-5F,2024-04-01,2024-06-30,0.1,2,P6
1,SUW-4F,2024-07-01,2024-09-30,12.6,238,P6
1,FAB-4F,2024-07-01,2024-09-30,12.5,236,P6
1,SUE-4F,2024-07-01,2024-09-30,10.1,191,P6
1,SUW-1F,2024-07-01,2024-09-30,8.8,166,P6
1,SUW-3F,2024-07-01,2024-09-30,8.8,166,P6
1,FAB-3F,2024-07-01,2024-09-30,8.4,159,P6
1,MULTI-1F,2024-07-01,2024-09-30,7.3,137,P6
1,SUE-MULTI,2024-07-01,2024-09-30,7.0,131,P6
1,SUW-MULTI,2024-07-01,2024-09-30,5.6,105,P6
1,FIZ-2F,2024-07-01,2024-09-30,4.2,79,P6
1,SUE-1F,2024-07-01,2024-09-30,4.1,78,P6
1,SUE-2F,2024-07-01,2024-09-30,3.9,74,P6
1,MULTI-MULTI,2024-07-01,2024-09-30,3.8,71,P6
1,SUW-5F,2024-07-01,2024-09-30,1.4,26,P6
1,FAB-MULTI,2024-07-01,2024-09-30,0.7,14,P6
1,FIZ-3F,2024-07-01,2024-09-30,0.2,3,P6
1,SUE-3F,2024-07-01,2024-09-30,0.2,3,P6
1,SUP-MULTI,2024-07-01,2024-09-30,0.2,3,P6
1,FAB-5F,2024-07-01,2024-09-30,0.1,2,P6
1,SUW-2F,2024-07-01,2024-09-30,0.1,2,P6
1,SUE-4F,2024-10-01,2024-12-31,20.3,61,P6
1,SUW-4F,2024-10-01,2024-12-31,19.3,58,P6
1,MULTI-MULTI,2024-10-01,2024-12-31,18.7,56,P6
1,SUW-3F,2024-10-01,2024-12-31,10.3,31,P6
1,SUW-MULTI,2024-10-01,2024-12-31,8.3,25,P6
1,SUE-3F,2024-10-01,2024-12-31,7.7,23,P6
1,SUW-1F,2024-10-01,2024-12-31,3.7,11,P6
1,FAB-MULTI,2024-10-01,2024-12-31,2.3,7,P6
1,FAB-3F,2024-10-01,2024-12-31,2.0,6,P6
1,SUE-2F,2024-10-01,2024-12-31,2.0,6,P6
1,SUP-MULTI,2024-10-01,2024-12-31,2.0,6,P6
1,SUE-MULTI,2024-10-01,2024-12-31,1.7,5,P6
1,SUE-1F,2024-10-01,2024-12-31,1.0,3,P6
1,FIZ-3F,2024-10-01,2024-12-31,0.7,2,P6
1,SUW-1F,2025-01-01,2025-03-31,35.9,37,P6
1,SUE-MULTI,2025-01-01,2025-03-31,25.2,26,P6
1,SUW-MULTI,2025-01-01,2025-03-31,23.3,24,P6
1,FAB-3F,2025-01-01,2025-03-31,4.9,5,P6
1,SUP-MULTI,2025-01-01,2025-03-31,4.9,5,P6
1,SUW-3F,2025-01-01,2025-03-31,4.9,5,P6
1,FAB-MULTI,2025-01-01,2025-03-31,1.0,1,P6
1,FAB-3F,2025-04-01,2025-06-30,31.0,9,P6
1,SUP-MULTI,2025-04-01,2025-06-30,17.2,5,P6
1,SUW-1F,2025-04-01,2025-06-30,17.2,5,P6
1,SUW-3F,2025-04-01,2025-06-30,17.2,5,P6
1,SUW-MULTI,2025-04-01,2025-06-30,10.3,3,P6
1,FAB-MULTI,2025-04-01,2025-06-30,6.9,2,P6
1,SUE-MULTI,2025-07-01,2025-09-30,36.5,19,P6
1,SUW-MULTI,2025-07-01,2025-09-30,30.8,16,P6
1,SUP-MULTI,2025-07-01,2025-09-30,15.4,8,P6
1,FAB-3F,2025-07-01,2025-09-30,5.8,3,P6
1,SUW-1F,2025-07-01,2025-09-30,5.8,3,P6
1,SUW-3F,2025-07-01,2025-09-30,5.8,3,P6
1,SUW-1F,2025-10-01,2025-12-31,50.0,5,P6
1,SUW-3F,2025-10-01,2025-12-31,50.0,5,P6
3,FAB-2F,2023-07-01,2023-09-30,100.0,23,P6
3,SUE-4F,2023-10-01,2023-12-31,100.0,30,P6
3,SUE-4F,2024-01-01,2024-03-31,25.7,29,P6
3,SUW-1F,2024-01-01,2024-03-31,24.8,28,P6
3,FIZ-4F,2024-01-01,2024-03-31,23.0,26,P6
3,SUW-MULTI,2024-01-01,2024-03-31,21.2,24,P6
3,SUW-4F,2024-01-01,2024-03-31,4.4,5,P6
3,FAB-4F,2024-01-01,2024-03-31,0.9,1,P6
3,SUE-4F,2024-04-01,2024-06-30,47.4,719,P6
3,SUW-4F,2024-04-01,2024-06-30,16.8,255,P6
3,FAB-MULTI,2024-04-01,2024-06-30,9.8,148,P6
3,SUW-3F,2024-04-01,2024-06-30,5.8,88,P6
3,SUE-MULTI,2024-04-01,2024-06-30,5.7,87,P6
3,SUW-1F,2024-04-01,2024-06-30,2.3,35,P6
3,FIZ-4F,2024-04-01,2024-06-30,2.2,33,P6
3,SUE-1F,2024-04-01,2024-06-30,2.0,30,P6
3,SUE-5F,2024-04-01,2024-06-30,2.0,30,P6
3,FAB-4F,2024-04-01,2024-06-30,1.9,29,P6
3,FIZ-MULTI,2024-04-01,2024-06-30,1.7,26,P6
3,SUE-2F,2024-04-01,2024-06-30,1.6,24,P6
3,FAB-2F,2024-04-01,2024-06-30,0.2,3,P6
3,SUE-3F,2024-04-01,2024-06-30,0.2,3,P6
3,SUW-2F,2024-04-01,2024-06-30,0.2,3,P6
3,FIZ-1F,2024-04-01,2024-06-30,0.1,2,P6
3,FIZ-2F,2024-04-01,2024-06-30,0.1,1,P6
3,SUW-ROOF,2024-04-01,2024-06-30,0.1,1,QUALITY
3,SUE-4F,2024-07-01,2024-09-30,38.9,971,P6
3,SUW-4F,2024-07-01,2024-09-30,15.1,377,P6
3,SUW-MULTI,2024-07-01,2024-09-30,13.5,337,P6
3,SUE-MULTI,2024-07-01,2024-09-30,8.7,217,P6
3,FIZ-MULTI,2024-07-01,2024-09-30,5.2,129,P6
3,FAB-MULTI,2024-07-01,2024-09-30,4.3,107,P6
3,SUE-3F,2024-07-01,2024-09-30,2.3,58,P6
3,SUW-1F,2024-07-01,2024-09-30,2.0,49,P6
3,SUW-3F,2024-07-01,2024-09-30,2.0,51,P6
3,FIZ-2F,2024-07-01,2024-09-30,1.9,48,P6
3,SUE-1F,2024-07-01,2024-09-30,1.5,38,P6
3,FIZ-4F,2024-07-01,2024-09-30,1.1,28,P6
3,SUE-6F,2024-07-01,2024-09-30,1.0,26,P6
3,SUW-5F,2024-07-01,2024-09-30,1.0,26,P6
3,FIZ-3F,2024-07-01,2024-09-30,0.8,20,P6
3,FIZ-1F,2024-07-01,2024-09-30,0.2,6,P6
3,FAB-2F,2024-07-01,2024-09-30,0.1,3,P6
3,FAB-4F,2024-07-01,2024-09-30,0.1,2,P6
3,SUE-5F,2024-07-01,2024-09-30,0.1,2,P6
3,SUW-2F,2024-07-01,2024-09-30,0.1,3,P6
3,SUE-4F,2024-10-01,2024-12-31,28.6,389,P6
3,SUW-MULTI,2024-10-01,2024-12-31,22.0,299,P6
3,SUE-MULTI,2024-10-01,2024-12-31,14.2,193,P6
3,FIZ-MULTI,2024-10-01,2024-12-31,11.8,160,P6
3,SUW-4F,2024-10-01,2024-12-31,11.6,158,P6
3,SUE-1F,2024-10-01,2024-12-31,8.5,115,P6
3,SUE-3F,2024-10-01,2024-12-31,1.8,25,P6
3,FIZ-2F,2024-10-01,2024-12-31,0.8,11,P6
3,SUW-2F,2024-10-01,2024-12-31,0.4,6,P6
3,SUW-3F,2024-10-01,2024-12-31,0.1,1,P6
3,SUW-5F,2024-10-01,2024-12-31,0.1,2,P6
3,SUE-1F,2025-01-01,2025-03-31,61.9,573,P6
3,SUW-MULTI,2025-01-01,2025-03-31,10.3,95,P6
3,FIZ-MULTI,2025-01-01,2025-03-31,8.2,76,P6
3,SUE-MULTI,2025-01-01,2025-03-31,6.4,59,P6
3,SUP-1F,2025-01-01,2025-03-31,3.4,31,TBM
3,SUW-4F,2025-01-01,2025-03-31,2.8,26,P6
3,SUE-4F,2025-01-01,2025-03-31,2.2,20,P6
3,SUW-2F,2025-01-01,2025-03-31,1.8,17,P6
3,FAB-1F,2025-01-01,2025-03-31,1.0,9,TBM
3,FAB-4F,2025-01-01,2025-03-31,0.8,7,TBM
3,FIZ-4F,2025-01-01,2025-03-31,0.5,5,P6
3,FIZ-2F,2025-01-01,2025-03-31,0.3,3,P6
3,LAYDOWN-OUTSIDE(GROUND FLOOR),2025-01-01,2025-03-31,0.2,2,TBM
3,SUE-3F,2025-01-01,2025-03-31,0.1,1,P6
3,SUW-1F,2025-01-01,2025-03-31,0.1,1,P6
3,FAB-1F,2025-04-01,2025-06-30,17.0,98,TBM
3,SUE-1F,2025-04-01,2025-06-30,13.3,77,P6
3,SUE-4F,2025-04-01,2025-06-30,11.9,69,P6
3,SUP-4F,2025-04-01,2025-06-30,8.7,50,TBM
3,SUP-1F,2025-04-01,2025-06-30,8.3,48,TBM
3,SUE-MULTI,2025-04-01,2025-06-30,6.9,40,P6
3,SUW-MULTI,2025-04-01,2025-06-30,6.9,40,P6
3,FIZ-MULTI,2025-04-01,2025-06-30,6.1,35,P6
3,LAYDOWN-1F,2025-04-01,2025-06-30,5.7,33,TBM
3,FAB-3F,2025-04-01,2025-06-30,4.0,23,TBM
3,SUP-3F,2025-04-01,2025-06-30,2.8,16,TBM
3,SUW-4F,2025-04-01,2025-06-30,2.2,13,P6
3,FAB-4F,2025-04-01,2025-06-30,1.7,10,TBM
3,LAYDOWN-OUTSIDE(GROUND FLOOR),2025-04-01,2025-06-30,1.7,10,TBM
3,SUP-OUTSIDE(GROUND FLOOR),2025-04-01,2025-06-30,1.2,7,TBM
3,FIZ-2F,2025-04-01,2025-06-30,0.9,5,P6
3,FAB-2F,2025-04-01,2025-06-30,0.7,4,TBM
3,FAB-1F,2025-07-01,2025-09-30,19.1,45,TBM
3,SUP-1F,2025-07-01,2025-09-30,19.1,45,TBM
3,SUW-MULTI,2025-07-01,2025-09-30,15.3,36,P6
3,SUE-4F,2025-07-01,2025-09-30,14.9,35,P6
3,FIZ-MULTI,2025-07-01,2025-09-30,12.3,29,P6
3,SUP-2F,2025-07-01,2025-09-30,5.5,13,TBM
3,SUE-MULTI,2025-07-01,2025-09-30,4.3,10,P6
3,SUP-3F,2025-07-01,2025-09-30,3.0,7,TBM
3,FAB-2F,2025-07-01,2025-09-30,1.7,4,TBM
3,FAB-4F,2025-07-01,2025-09-30,1.7,4,TBM
3,FIZ-2F,2025-07-01,2025-09-30,1.3,3,P6
3,OFFICE-OUTSIDE(GROUND FLOOR),2025-07-01,2025-09-30,0.9,2,TBM
3,SUP-4F,2025-07-01,2025-09-30,0.9,2,TBM
3,SUP-1F,2025-10-01,2025-12-31,31.5,64,TBM
3,SUW-MULTI,2025-10-01,2025-12-31,18.7,38,P6
3,SUP-2F,2025-10-01,2025-12-31,12.8,26,TBM
3,SUP-4F,2025-10-01,2025-12-31,11.3,23,TBM
3,FIZ-MULTI,2025-10-01,2025-12-31,8.4,17,P6
3,SUP-3F,2025-10-01,2025-12-31,6.4,13,TBM
3,SUE-MULTI,2025-10-01,2025-12-31,3.0,6,P6
3,FIZ-2F,2025-10-01,2025-12-31,2.5,5,P6
3,SUE-1F,2025-10-01,2025-12-31,2.5,5,P6
3,SUE-4F,2025-10-01,2025-12-31,2.5,5,P6
3,FAB-2F,2025-10-01,2025-12-31,0.5,1,TBM
4,SUE-1F,2023-07-01,2023-09-30,45.3,210,P6
4,SUW-1F,2023-07-01,2023-09-30,32.3,150,P6
4,SUW-2F,2023-07-01,2023-09-30,12.9,60,P6
4,SUW-3F,2023-07-01,2023-09-30,6.5,30,P6
4,SUE-2F,2023-07-01,2023-09-30,3.0,14,P6
4,SUW-1F,2023-10-01,2023-12-31,40.8,600,P6
4,SUW-2F,2023-10-01,2023-12-31,22.4,330,P6
4,SUE-1F,2023-10-01,2023-12-31,12.2,180,P6
4,SUE-3F,2023-10-01,2023-12-31,8.2,120,P6
4,SUW-3F,2023-10-01,2023-12-31,8.2,120,P6
4,SUE-2F,2023-10-01,2023-12-31,4.1,60,P6
4,FAB-1F,2023-10-01,2023-12-31,2.0,30,P6
4,FAB-2F,2023-10-01,2023-12-31,2.0,30,P6
4,SUW-2F,2024-01-01,2024-03-31,18.9,480,P6
4,SUW-1F,2024-01-01,2024-03-31,18.5,468,P6
4,SUW-3F,2024-01-01,2024-03-31,17.8,450,P6
4,SUE-1F,2024-01-01,2024-03-31,14.2,360,P6
4,SUE-3F,2024-01-01,2024-03-31,9.5,240,P6
4,FAB-2F,2024-01-01,2024-03-31,8.7,220,P6
4,SUE-2F,2024-01-01,2024-03-31,5.3,134,P6
4,FAB-3F,2024-01-01,2024-03-31,3.7,94,P6
4,FAB-4F,2024-01-01,2024-03-31,2.4,60,P6
4,SUW-MULTI,2024-01-01,2024-03-31,1.0,26,P6
4,SUE-4F,2024-01-01,2024-03-31,0.0,1,P6
4,SUW-3F,2024-04-01,2024-06-30,29.5,1483,P6
4,SUW-2F,2024-04-01,2024-06-30,10.2,511,P6
4,SUW-1F,2024-04-01,2024-06-30,8.6,434,P6
4,SUE-MULTI,2024-04-01,2024-06-30,7.8,390,P6
4,SUE-4F,2024-04-01,2024-06-30,7.3,365,"P6,QUALITY"
4,FAB-3F,2024-04-01,2024-06-30,6.6,331,P6
4,SUW-MULTI,2024-04-01,2024-06-30,5.7,288,P6
4,SUE-3F,2024-04-01,2024-06-30,4.8,239,P6
4,SUW-6F,2024-04-01,2024-06-30,4.4,220,P6
4,FAB-1F,2024-04-01,2024-06-30,4.2,210,P6
4,SUW-4F,2024-04-01,2024-06-30,3.5,176,P6
4,FAB-4F,2024-04-01,2024-06-30,2.0,99,P6
4,FIZ-4F,2024-04-01,2024-06-30,1.7,86,P6
4,SUE-1F,2024-04-01,2024-06-30,1.5,75,"P6,QUALITY"
4,SUE-6F,2024-04-01,2024-06-30,1.2,58,P6
4,FIZ-3F,2024-04-01,2024-06-30,0.6,30,P6
4,FAB-2F,2024-04-01,2024-06-30,0.2,11,P6
4,FAB-MULTI,2024-04-01,2024-06-30,0.1,5,P6
4,SUE-2F,2024-04-01,2024-06-30,0.1,7,P6
4,FIZ-2F,2024-04-01,2024-06-30,0.0,2,P6
4,SUE-5F,2024-04-01,2024-06-30,0.0,1,P6
4,SUW-1F,2024-07-01,2024-09-30,24.9,1357,P6
4,SUW-2F,2024-07-01,2024-09-30,17.8,970,P6
4,SUE-6F,2024-07-01,2024-09-30,9.5,515,P6
4,SUE-4F,2024-07-01,2024-09-30,7.5,408,P6
4,SUW-MULTI,2024-07-01,2024-09-30,5.2,283,P6
4,SUW-6F,2024-07-01,2024-09-30,5.1,278,P6
4,SUE-3F,2024-07-01,2024-09-30,4.1,221,P6
4,SUW-3F,2024-07-01,2024-09-30,4.1,221,P6
4,FAB-3F,2024-07-01,2024-09-30,3.8,205,P6
4,FAB-4F,2024-07-01,2024-09-30,3.6,195,P6
4,FAB-2F,2024-07-01,2024-09-30,2.4,128,P6
4,SUE-2F,2024-07-01,2024-09-30,2.3,124,P6
4,SUW-4F,2024-07-01,2024-09-30,1.9,105,P6
4,SUE-1F,2024-07-01,2024-09-30,1.8,98,P6
4,FIZ-4F,2024-07-01,2024-09-30,1.5,83,P6
4,SUE-MULTI,2024-07-01,2024-09-30,1.4,74,P6
4,FIZ-6F,2024-07-01,2024-09-30,1.0,56,P6
4,FAB-MULTI,2024-07-01,2024-09-30,0.8,45,P6
4,FIZ-2F,2024-07-01,2024-09-30,0.5,26,P6
4,FIZ-3F,2024-07-01,2024-09-30,0.5,26,P6
4,SUE-5F,2024-07-01,2024-09-30,0.4,22,P6
4,SUE-4F,2024-10-01,2024-12-31,31.3,598,P6
4,SUW-MULTI,2024-10-01,2024-12-31,16.8,321,P6
4,FAB-3F,2024-10-01,2024-12-31,9.7,186,P6
4,SUW-1F,2024-10-01,2024-12-31,8.9,170,"P6,QUALITY"
4,SUW-2F,2024-10-01,2024-12-31,7.0,134,P6
4,SUE-MULTI,2024-10-01,2024-12-31,6.9,131,P6
4,SUE-2F,2024-10-01,2024-12-31,3.4,65,P6
4,SUW-4F,2024-10-01,2024-12-31,3.2,61,"P6,QUALITY"
4,SUE-3F,2024-10-01,2024-12-31,2.9,55,P6
4,FAB-MULTI,2024-10-01,2024-12-31,2.4,46,P6
4,SUE-1F,2024-10-01,2024-12-31,2.0,39,P6
4,SUW-3F,2024-10-01,2024-12-31,2.0,38,P6
4,SUW-6F,2024-10-01,2024-12-31,1.8,35,P6
4,FAB-2F,2024-10-01,2024-12-31,0.8,16,P6
4,SUE-5F,2024-10-01,2024-12-31,0.4,7,P6
4,SUE-6F,2024-10-01,2024-12-31,0.3,6,P6
4,SUW-MULTI,2025-01-01,2025-03-31,19.7,288,P6
4,FAB-3F,2025-01-01,2025-03-31,17.8,260,"P6,TBM"
4,SUE-MULTI,2025-01-01,2025-03-31,16.8,245,P6
4,SUE-4F,2025-01-01,2025-03-31,12.8,187,P6
4,SUW-1F,2025-01-01,2025-03-31,7.5,110,P6
4,FAB-2F,2025-01-01,2025-03-31,4.8,70,"P6,TBM"
4,FAB-1F,2025-01-01,2025-03-31,4.3,63,"QUALITY,TBM"
4,FAB-4F,2025-01-01,2025-03-31,4.2,62,"P6,TBM"
4,SUW-3F,2025-01-01,2025-03-31,3.6,52,"P6,QUALITY"
4,SUE-3F,2025-01-01,2025-03-31,2.9,42,P6
4,FAB-OUTSIDE(GROUND FLOOR),2025-01-01,2025-03-31,2.1,30,TBM
4,SUW-2F,2025-01-01,2025-03-31,1.4,20,P6
4,SUE-2F,2025-01-01,2025-03-31,0.8,12,P6
4,FAB-MULTI,2025-01-01,2025-03-31,0.6,9,P6
4,SUE-1F,2025-01-01,2025-03-31,0.4,6,P6
4,SUE-6F,2025-01-01,2025-03-31,0.3,5,P6
4,FAB-3F,2025-04-01,2025-06-30,34.3,899,"P6,TBM"
4,FAB-1F,2025-04-01,2025-06-30,21.2,555,"QUALITY,TBM"
4,FAB-4F,2025-04-01,2025-06-30,12.3,322,TBM
4,FAB-2F,2025-04-01,2025-06-30,11.3,297,"P6,TBM"
4,FAB-OUTSIDE(GROUND FLOOR),2025-04-01,2025-06-30,7.3,190,TBM
4,SUW-MULTI,2025-04-01,2025-06-30,4.1,107,P6
4,SUW-1F,2025-04-01,2025-06-30,2.4,62,P6
4,SUE-MULTI,2025-04-01,2025-06-30,1.7,44,P6
4,SUW-3F,2025-04-01,2025-06-30,1.5,38,P6
4,SUE-3F,2025-04-01,2025-06-30,0.9,23,P6
4,SUE-4F,2025-04-01,2025-06-30,0.7,18,P6
4,SUE-1F,2025-04-01,2025-06-30,0.6,15,P6
4,SUE-2F,2025-04-01,2025-06-30,0.6,15,P6
4,FAB-5F,2025-04-01,2025-06-30,0.4,10,P6
4,SUW-2F,2025-04-01,2025-06-30,0.4,11,P6
4,FAB-MULTI,2025-04-01,2025-06-30,0.3,9,P6
4,SUE-6F,2025-04-01,2025-06-30,0.2,4,P6
4,FAB-3F,2025-07-01,2025-09-30,26.3,574,"P6,TBM"
4,FAB-1F,2025-07-01,2025-09-30,25.3,552,TBM
4,FAB-2F,2025-07-01,2025-09-30,13.3,291,"P6,TBM"
4,FAB-4F,2025-07-01,2025-09-30,10.7,234,"P6,TBM"
4,SUE-MULTI,2025-07-01,2025-09-30,7.2,158,P6
4,SUW-MULTI,2025-07-01,2025-09-30,7.1,154,P6
4,FAB-OUTSIDE(GROUND FLOOR),2025-07-01,2025-09-30,5.0,109,TBM
4,SUW-3F,2025-07-01,2025-09-30,1.2,27,P6
4,SUW-1F,2025-07-01,2025-09-30,1.0,22,P6
4,SUE-4F,2025-07-01,2025-09-30,0.6,14,P6
4,FAB-5F,2025-07-01,2025-09-30,0.4,9,P6
4,SUE-2F,2025-07-01,2025-09-30,0.4,9,P6
4,SUE-3F,2025-07-01,2025-09-30,0.4,9,P6
4,SUW-2F,2025-07-01,2025-09-30,0.4,9,P6
4,SUE-1F,2025-07-01,2025-09-30,0.3,7,P6
4,SUE-6F,2025-07-01,2025-09-30,0.1,3,P6
4,FAB-6F,2025-07-01,2025-09-30,0.0,1,TBM
4,FAB-3F,2025-10-01,2025-12-31,37.9,450,"P6,TBM"
4,FAB-1F,2025-10-01,2025-12-31,27.0,321,TBM
4,FAB-2F,2025-10-01,2025-12-31,16.2,192,"P6,TBM"
4,FAB-4F,2025-10-01,2025-12-31,7.4,88,"P6,TBM"
4,SUW-MULTI,2025-10-01,2025-12-31,3.5,42,P6
4,SUW-3F,2025-10-01,2025-12-31,2.0,24,P6
4,SUE-MULTI,2025-10-01,2025-12-31,1.7,20,P6
4,SUW-2F,2025-10-01,2025-12-31,1.5,18,P6
4,SUE-4F,2025-10-01,2025-12-31,0.8,10,P6
4,SUE-3F,2025-10-01,2025-12-31,0.6,7,P6
4,SUW-1F,2025-10-01,2025-12-31,0.5,6,P6
4,SUE-6F,2025-10-01,2025-12-31,0.4,5,P6
4,SUE-1F,2025-10-01,2025-12-31,0.2,2,P6
4,SUE-2F,2025-10-01,2025-12-31,0.2,2,P6
5,SUW-2F,2023-10-01,2023-12-31,100.0,13,P6
5,SUW-4F,2024-01-01,2024-03-31,100.0,29,P6
5,SUW-4F,2024-04-01,2024-06-30,49.4,1074,P6
5,SUE-4F,2024-04-01,2024-06-30,39.1,851,P6
5,FIZ-4F,2024-04-01,2024-06-30,5.5,120,P6
5,SUW-1F,2024-04-01,2024-06-30,2.7,58,P6
5,FAB-4F,2024-04-01,2024-06-30,1.4,31,P6
5,SUE-1F,2024-04-01,2024-06-30,1.3,29,P6
5,SUW-6F,2024-04-01,2024-06-30,0.2,4,P6
5,FAB-5F,2024-04-01,2024-06-30,0.1,2,P6
5,SUE-6F,2024-04-01,2024-06-30,0.1,3,P6
5,SUW-2F,2024-04-01,2024-06-30,0.1,2,P6
5,SUE-MULTI,2024-04-01,2024-06-30,0.0,1,P6
5,SUE-4F,2024-07-01,2024-09-30,60.8,2896,P6
5,SUW-4F,2024-07-01,2024-09-30,18.6,887,P6
5,SUE-6F,2024-07-01,2024-09-30,8.3,393,P6
5,FIZ-4F,2024-07-01,2024-09-30,4.6,221,P6
5,SUW-6F,2024-07-01,2024-09-30,4.3,207,P6
5,FAB-4F,2024-07-01,2024-09-30,1.7,81,P6
5,SUE-5F,2024-07-01,2024-09-30,0.6,27,P6
5,SUW-5F,2024-07-01,2024-09-30,0.4,21,P6
5,FIZ-6F,2024-07-01,2024-09-30,0.2,11,P6
5,FAB-MULTI,2024-07-01,2024-09-30,0.1,6,P6
5,SUE-MULTI,2024-07-01,2024-09-30,0.1,3,P6
5,SUW-1F,2024-07-01,2024-09-30,0.1,4,P6
5,SUW-2F,2024-07-01,2024-09-30,0.1,4,P6
5,FAB-5F,2024-07-01,2024-09-30,0.0,2,P6
5,SUE-4F,2024-10-01,2024-12-31,55.9,1464,P6
5,SUW-4F,2024-10-01,2024-12-31,23.8,623,P6
5,SUW-6F,2024-10-01,2024-12-31,9.5,249,P6
5,SUE-6F,2024-10-01,2024-12-31,5.2,135,P6
5,SUW-5F,2024-10-01,2024-12-31,2.5,66,P6
5,SUE-5F,2024-10-01,2024-12-31,1.0,25,P6
5,SUW-1F,2024-10-01,2024-12-31,0.9,24,P6
5,FIZ-4F,2024-10-01,2024-12-31,0.5,12,P6
5,FIZ-6F,2024-10-01,2024-12-31,0.3,7,P6
5,FAB-4F,2024-10-01,2024-12-31,0.2,6,P6
5,SUW-2F,2024-10-01,2024-12-31,0.2,5,P6
5,SUW-MULTI,2024-10-01,2024-12-31,0.2,4,P6
5,SUW-4F,2025-01-01,2025-03-31,50.3,270,P6
5,SUE-4F,2025-01-01,2025-03-31,17.7,95,P6
5,SUW-MULTI,2025-01-01,2025-03-31,9.3,50,P6
5,FAB-4F,2025-01-01,2025-03-31,6.5,35,TBM
5,SUE-MULTI,2025-01-01,2025-03-31,4.5,24,P6
5,FAB-6F,2025-01-01,2025-03-31,3.9,21,TBM
5,SUW-6F,2025-01-01,2025-03-31,3.0,16,P6
5,SUE-6F,2025-01-01,2025-03-31,1.5,8,P6
5,SUW-2F,2025-01-01,2025-03-31,0.9,5,P6
5,FAB-5F,2025-01-01,2025-03-31,0.7,4,TBM
5,SUW-5F,2025-01-01,2025-03-31,0.6,3,P6
5,FAB-MULTI,2025-01-01,2025-03-31,0.4,2,P6
5,FIZ-4F,2025-01-01,2025-03-31,0.4,2,P6
5,SUE-5F,2025-01-01,2025-03-31,0.4,2,P6
5,FAB-4F,2025-04-01,2025-06-30,29.0,129,TBM
5,SUE-4F,2025-04-01,2025-06-30,19.8,88,P6
5,FIZ-4F,2025-04-01,2025-06-30,13.7,61,P6
5,FAB-5F,2025-04-01,2025-06-30,13.5,60,TBM
5,FAB-6F,2025-04-01,2025-06-30,7.2,32,TBM
5,SUW-4F,2025-04-01,2025-06-30,4.9,22,P6
5,SUE-6F,2025-04-01,2025-06-30,3.6,16,P6
5,SUW-6F,2025-04-01,2025-06-30,3.1,14,P6
5,SUP-4F,2025-04-01,2025-06-30,1.8,8,TBM
5,SUW-MULTI,2025-04-01,2025-06-30,1.3,6,P6
5,SUP-6F,2025-04-01,2025-06-30,0.9,4,TBM
5,SUE-MULTI,2025-04-01,2025-06-30,0.7,3,P6
5,FAB-MULTI,2025-04-01,2025-06-30,0.4,2,P6
5,SUE-4F,2025-07-01,2025-09-30,25.8,84,P6
5,FAB-4F,2025-07-01,2025-09-30,15.1,49,TBM
5,FAB-6F,2025-07-01,2025-09-30,15.1,49,TBM
5,SUP-4F,2025-07-01,2025-09-30,13.8,45,TBM
5,FIZ-4F,2025-07-01,2025-09-30,9.8,32,P6
5,SUW-MULTI,2025-07-01,2025-09-30,6.5,21,P6
5,SUW-6F,2025-07-01,2025-09-30,3.7,12,P6
5,SUE-MULTI,2025-07-01,2025-09-30,3.4,11,P6
5,SUE-6F,2025-07-01,2025-09-30,2.8,9,P6
5,SUW-4F,2025-07-01,2025-09-30,2.5,8,P6
5,FAB-OUTSIDE(GROUND FLOOR),2025-07-01,2025-09-30,1.5,5,TBM
5,FAB-OUTSIDE(GROUND FLOOR),2025-10-01,2025-12-31,28.2,51,TBM
5,FAB-6F,2025-10-01,2025-12-31,18.8,34,TBM
5,SUW-6F,2025-10-01,2025-12-31,11.0,20,P6
5,FAB-4F,2025-10-01,2025-12-31,10.5,19,TBM
5,FAB-5F,2025-10-01,2025-12-31,10.5,19,TBM
5,SUE-6F,2025-10-01,2025-12-31,8.3,15,P6
5,SUP-4F,2025-10-01,2025-12-31,6.6,12,TBM
5,FAB-2F,2025-10-01,2025-12-31,2.8,5,TBM
5,SUE-4F,2025-10-01,2025-12-31,2.8,5,P6
5,FAB-1F,2025-10-01,2025-12-31,0.6,1,TBM
6,FAB-2F,2024-01-01,2024-03-31,73.9,261,P6
6,SUW-1F,2024-01-01,2024-03-31,15.6,55,P6
6,FAB-3F,2024-01-01,2024-03-31,8.2,29,P6
6,SUW-3F,2024-01-01,2024-03-31,2.3,8,P6
6,SUW-3F,2024-04-01,2024-06-30,40.1,893,P6
6,FAB-2F,2024-04-01,2024-06-30,31.0,690,P6
6,SUE-3F,2024-04-01,2024-06-30,13.7,305,P6
6,SUE-1F,2024-04-01,2024-06-30,5.8,128,P6
6,FIZ-3F,2024-04-01,2024-06-30,3.6,81,P6
6,SUW-1F,2024-04-01,2024-06-30,3.5,78,P6
6,SUW-2F,2024-04-01,2024-06-30,2.0,45,P6
6,FIZ-1F,2024-04-01,2024-06-30,0.1,2,P6
6,SUE-2F,2024-04-01,2024-06-30,0.1,3,P6
6,SUW-1F,2024-07-01,2024-09-30,40.9,1109,P6
6,SUW-2F,2024-07-01,2024-09-30,23.7,642,P6
6,SUW-3F,2024-07-01,2024-09-30,18.0,489,P6
6,SUE-3F,2024-07-01,2024-09-30,7.3,197,P6
6,SUE-1F,2024-07-01,2024-09-30,4.8,129,P6
6,SUE-2F,2024-07-01,2024-09-30,4.1,112,P6
6,FIZ-3F,2024-07-01,2024-09-30,1.1,31,P6
6,FAB-MULTI,2024-07-01,2024-09-30,0.1,2,P6
6,FIZ-1F,2024-07-01,2024-09-30,0.1,3,P6
6,SUW-1F,2024-10-01,2024-12-31,26.8,109,P6
6,SUW-2F,2024-10-01,2024-12-31,20.4,83,P6
6,SUE-3F,2024-10-01,2024-12-31,18.5,75,P6
6,SUE-1F,2024-10-01,2024-12-31,15.8,64,P6
6,SUW-3F,2024-10-01,2024-12-31,6.4,26,P6
6,SUE-2F,2024-10-01,2024-12-31,3.9,16,P6
6,FAB-MULTI,2024-10-01,2024-12-31,3.4,14,P6
6,FAB-1F,2024-10-01,2024-12-31,3.0,12,QUALITY
6,FIZ-1F,2024-10-01,2024-12-31,1.5,6,P6
6,FIZ-3F,2024-10-01,2024-12-31,0.2,1,P6
6,SUW-3F,2025-01-01,2025-03-31,14.5,54,P6
6,FAB-3F,2025-01-01,2025-03-31,11.3,42,TBM
6,SUE-3F,2025-01-01,2025-03-31,10.2,38,P6
6,SUW-2F,2025-01-01,2025-03-31,9.7,36,P6
6,SUW-1F,2025-01-01,2025-03-31,9.4,35,P6
6,SUE-1F,2025-01-01,2025-03-31,8.9,33,P6
6,FAB-2F,2025-01-01,2025-03-31,7.8,29,TBM
6,FAB-1F,2025-01-01,2025-03-31,5.9,22,TBM
6,SUW-MULTI,2025-01-01,2025-03-31,5.9,22,P6
6,SUE-MULTI,2025-01-01,2025-03-31,5.6,21,P6
6,SUE-2F,2025-01-01,2025-03-31,4.8,18,P6
6,FAB-4F,2025-01-01,2025-03-31,3.0,11,TBM
6,FAB-MULTI,2025-01-01,2025-03-31,1.6,6,P6
6,FIZ-1F,2025-01-01,2025-03-31,1.3,5,P6
6,FAB-1F,2025-04-01,2025-06-30,28.8,210,"QUALITY,TBM"
6,FAB-3F,2025-04-01,2025-06-30,23.0,168,TBM
6,FAB-2F,2025-04-01,2025-06-30,11.0,80,TBM
6,SUE-1F,2025-04-01,2025-06-30,5.2,38,P6
6,SUW-1F,2025-04-01,2025-06-30,4.7,34,P6
6,LAYDOWN-OUTSIDE(GROUND FLOOR),2025-04-01,2025-06-30,4.3,31,TBM
6,SUW-2F,2025-04-01,2025-06-30,4.1,30,P6
6,FAB-4F,2025-04-01,2025-06-30,3.7,27,TBM
6,SUE-3F,2025-04-01,2025-06-30,3.7,27,P6
6,FAB-OUTSIDE(GROUND FLOOR),2025-04-01,2025-06-30,3.4,25,TBM
6,SUE-2F,2025-04-01,2025-06-30,2.5,18,P6
6,SUW-3F,2025-04-01,2025-06-30,2.5,18,P6
6,SUW-MULTI,2025-04-01,2025-06-30,1.1,8,P6
6,SUE-MULTI,2025-04-01,2025-06-30,0.8,6,P6
6,FIZ-1F,2025-04-01,2025-06-30,0.7,5,P6
6,FAB-MULTI,2025-04-01,2025-06-30,0.5,4,P6
6,FAB-1F,2025-07-01,2025-09-30,39.8,288,TBM
6,FAB-4F,2025-07-01,2025-09-30,15.9,115,TBM
6,FAB-2F,2025-07-01,2025-09-30,10.5,76,TBM
6,FAB-3F,2025-07-01,2025-09-30,7.6,55,TBM
6,SUE-1F,2025-07-01,2025-09-30,4.6,33,P6
6,FAB-OUTSIDE(GROUND FLOOR),2025-07-01,2025-09-30,4.1,30,TBM
6,SUW-1F,2025-07-01,2025-09-30,3.5,25,P6
6,SUW-2F,2025-07-01,2025-09-30,3.5,25,P6
6,SUE-3F,2025-07-01,2025-09-30,3.2,23,P6
6,SUW-MULTI,2025-07-01,2025-09-30,2.6,19,P6
6,SUE-2F,2025-07-01,2025-09-30,1.7,12,P6
6,SUE-MULTI,2025-07-01,2025-09-30,1.5,11,P6
6,SUW-3F,2025-07-01,2025-09-30,1.2,9,P6
6,FIZ-1F,2025-07-01,2025-09-30,0.4,3,P6
6,FAB-1F,2025-10-01,2025-12-31,34.8,219,TBM
6,FAB-3F,2025-10-01,2025-12-31,15.7,99,TBM
6,FAB-4F,2025-10-01,2025-12-31,10.3,65,TBM
6,FAB-2F,2025-10-01,2025-12-31,9.5,60,TBM
6,SUW-2F,2025-10-01,2025-12-31,6.3,40,P6
6,SUE-MULTI,2025-10-01,2025-12-31,5.1,32,P6
6,SUW-MULTI,2025-10-01,2025-12-31,4.3,27,P6
6,SUE-1F,2025-10-01,2025-12-31,3.8,24,P6
6,SUW-1F,2025-10-01,2025-12-31,3.0,19,P6
6,SUE-3F,2025-10-01,2025-12-31,2.1,13,P6
6,SUW-3F,2025-10-01,2025-12-31,1.7,11,P6
6,SUE-2F,2025-10-01,2025-12-31,1.4,9,P6
6,FAB-OUTSIDE(GROUND FLOOR),2025-10-01,2025-12-31,1.0,6,TBM
6,FIZ-1F,2025-10-01,2025-12-31,0.8,5,P6
6,FAB-MULTI,2025-10-01,2025-12-31,0.2,1,P6
7,SUE-1F,2023-10-01,2023-12-31,60.5,46,P6
7,SUE-MULTI,2023-10-01,2023-12-31,39.5,30,P6
7,SUE-MULTI,2024-01-01,2024-03-31,60.7,176,P6
7,SUW-MULTI,2024-01-01,2024-03-31,19.3,56,P6
7,SUP-MULTI,2024-01-01,2024-03-31,10.0,29,P6
7,SUE-1F,2024-01-01,2024-03-31,9.0,26,P6
7,SUW-1F,2024-01-01,2024-03-31,1.0,3,P6
7,SUW-MULTI,2024-04-01,2024-06-30,42.8,1268,P6
7,SUE-MULTI,2024-04-01,2024-06-30,40.6,1201,P6
7,FIZ-MULTI,2024-04-01,2024-06-30,7.1,209,P6
7,SUE-4F,2024-04-01,2024-06-30,4.1,122,P6
7,SUE-3F,2024-04-01,2024-06-30,2.1,62,P6
7,SUE-1F,2024-04-01,2024-06-30,1.7,50,P6
7,FAB-MULTI,2024-04-01,2024-06-30,0.7,21,P6
7,SUW-1F,2024-04-01,2024-06-30,0.6,17,P6
7,FIZ-4F,2024-04-01,2024-06-30,0.1,3,P6
7,FIZ-ROOF,2024-04-01,2024-06-30,0.1,3,QUALITY
7,SUE-ROOF,2024-04-01,2024-06-30,0.1,2,QUALITY
7,FIZ-3F,2024-04-01,2024-06-30,0.0,1,QUALITY
7,SUE-5F,2024-04-01,2024-06-30,0.0,1,QUALITY
7,SUW-MULTI,2024-07-01,2024-09-30,44.2,569,P6
7,SUE-MULTI,2024-07-01,2024-09-30,25.1,323,P6
7,FAB-MULTI,2024-07-01,2024-09-30,10.4,134,P6
7,SUE-1F,2024-07-01,2024-09-30,8.0,103,P6
7,SUW-1F,2024-07-01,2024-09-30,4.3,55,P6
7,SUE-4F,2024-07-01,2024-09-30,2.3,29,P6
7,SUE-3F,2024-07-01,2024-09-30,2.0,26,P6
7,SUW-2F,2024-07-01,2024-09-30,1.9,24,P6
7,FIZ-4F,2024-07-01,2024-09-30,1.8,23,P6
7,FIZ-MULTI,2024-07-01,2024-09-30,0.1,1,P6
7,SUW-MULTI,2024-10-01,2024-12-31,52.8,191,P6
7,SUE-MULTI,2024-10-01,2024-12-31,24.6,89,P6
7,SUW-1F,2024-10-01,2024-12-31,9.1,33,P6
7,SUE-1F,2024-10-01,2024-12-31,6.4,23,P6
7,SUE-4F,2024-10-01,2024-12-31,5.2,19,P6
7,FAB-MULTI,2024-10-01,2024-12-31,1.1,4,P6
7,FIZ-4F,2024-10-01,2024-12-31,0.8,3,P6
7,SUW-1F,2025-01-01,2025-03-31,25.9,38,P6
7,SUE-1F,2025-01-01,2025-03-31,21.8,32,P6
7,SUE-4F,2025-01-01,2025-03-31,17.0,25,P6
7,SUW-MULTI,2025-01-01,2025-03-31,12.9,19,P6
7,SUW-6F,2025-01-01,2025-03-31,12.2,18,P6
7,SUE-MULTI,2025-01-01,2025-03-31,10.2,15,P6
7,SUW-1F,2025-04-01,2025-06-30,30.3,23,P6
7,SUE-1F,2025-04-01,2025-06-30,19.7,15,P6
7,SUE-MULTI,2025-04-01,2025-06-30,19.7,15,P6
7,SUE-4F,2025-04-01,2025-06-30,18.4,14,P6
7,SUW-6F,2025-04-01,2025-06-30,11.8,9,P6
7,SUW-1F,2025-07-01,2025-09-30,33.9,19,P6
7,SUE-1F,2025-07-01,2025-09-30,28.6,16,P6
7,SUE-4F,2025-07-01,2025-09-30,16.1,9,P6
7,SUE-MULTI,2025-07-01,2025-09-30,16.1,9,P6
7,SUW-6F,2025-07-01,2025-09-30,5.4,3,P6
7,SUW-1F,2025-10-01,2025-12-31,29.1,25,P6
7,SUE-1F,2025-10-01,2025-12-31,23.3,20,P6
7,SUE-4F,2025-10-01,2025-12-31,17.4,15,P6
7,SUE-MULTI,2025-10-01,2025-12-31,17.4,15,P6
7,SUW-3F,2025-10-01,2025-12-31,7.0,6,P6
7,SUW-6F,2025-10-01,2025-12-31,5.8,5,P6
8,SUW-MULTI,2024-01-01,2024-03-31,100.0,30,P6
8,SUW-MULTI,2024-04-01,2024-06-30,44.4,696,P6
8,SUE-MULTI,2024-04-01,2024-06-30,41.0,643,P6
8,FAB-MULTI,2024-04-01,2024-06-30,11.3,177,P6
8,SUW-4F,2024-04-01,2024-06-30,2.2,35,P6
8,SUE-4F,2024-04-01,2024-06-30,0.6,10,P6
8,FIZ-MULTI,2024-04-01,2024-06-30,0.4,6,P6
8,SUE-MULTI,2024-07-01,2024-09-30,52.0,1177,P6
8,SUW-MULTI,2024-07-01,2024-09-30,19.3,436,P6
8,FIZ-MULTI,2024-07-01,2024-09-30,15.0,339,P6
8,FAB-4F,2024-07-01,2024-09-30,4.6,105,P6
8,FIZ-4F,2024-07-01,2024-09-30,3.2,72,P6
8,SUE-6F,2024-07-01,2024-09-30,2.3,53,P6
8,SUE-4F,2024-07-01,2024-09-30,2.2,50,P6
8,SUW-4F,2024-07-01,2024-09-30,0.7,15,P6
8,FAB-MULTI,2024-07-01,2024-09-30,0.4,9,P6
8,SUW-1F,2024-07-01,2024-09-30,0.3,7,P6
8,SUE-MULTI,2024-10-01,2024-12-31,38.9,293,P6
8,SUW-MULTI,2024-10-01,2024-12-31,32.2,243,P6
8,SUW-1F,2024-10-01,2024-12-31,17.9,135,P6
8,FIZ-MULTI,2024-10-01,2024-12-31,4.9,37,P6
8,FIZ-4F,2024-10-01,2024-12-31,2.5,19,P6
8,SUW-4F,2024-10-01,2024-12-31,1.9,14,P6
8,FAB-MULTI,2024-10-01,2024-12-31,1.7,13,P6
8,SUW-MULTI,2025-01-01,2025-03-31,42.2,137,P6
8,FIZ-MULTI,2025-01-01,2025-03-31,17.5,57,P6
8,SUE-MULTI,2025-01-01,2025-03-31,14.8,48,P6
8,SUW-1F,2025-01-01,2025-03-31,7.7,25,P6
8,FAB-OUTSIDE(GROUND FLOOR),2025-01-01,2025-03-31,6.2,20,TBM
8,FIZ-4F,2025-01-01,2025-03-31,5.2,17,P6
8,FAB-1F,2025-01-01,2025-03-31,3.1,10,TBM
8,SUW-4F,2025-01-01,2025-03-31,3.1,10,P6
8,FAB-MULTI,2025-01-01,2025-03-31,0.3,1,P6
8,SUW-MULTI,2025-04-01,2025-06-30,23.1,93,P6
8,FAB-OUTSIDE(GROUND FLOOR),2025-04-01,2025-06-30,22.4,90,TBM
8,FAB-1F,2025-04-01,2025-06-30,18.7,75,TBM
8,FAB-4F,2025-04-01,2025-06-30,13.7,55,TBM
8,SUE-MULTI,2025-04-01,2025-06-30,11.7,47,P6
8,SUW-4F,2025-04-01,2025-06-30,4.5,18,P6
8,SUW-1F,2025-04-01,2025-06-30,3.2,13,P6
8,FIZ-MULTI,2025-04-01,2025-06-30,2.7,11,P6
8,FAB-1F,2025-07-01,2025-09-30,45.6,170,TBM
8,SUE-MULTI,2025-07-01,2025-09-30,20.1,75,P6
8,SUW-MULTI,2025-07-01,2025-09-30,16.4,61,P6
8,FAB-4F,2025-07-01,2025-09-30,10.7,40,TBM
8,SUW-1F,2025-07-01,2025-09-30,5.4,20,P6
8,FIZ-MULTI,2025-07-01,2025-09-30,0.8,3,P6
8,SUW-4F,2025-07-01,2025-09-30,0.8,3,P6
8,FAB-5F,2025-07-01,2025-09-30,0.3,1,TBM
8,FAB-1F,2025-10-01,2025-12-31,50.8,160,TBM
8,FAB-4F,2025-10-01,2025-12-31,17.5,55,TBM
8,SUE-MULTI,2025-10-01,2025-12-31,17.5,55,P6
8,SUW-1F,2025-10-01,2025-12-31,4.8,15,P6
8,SUW-MULTI,2025-10-01,2025-12-31,4.4,14,P6
8,FAB-2F,2025-10-01,2025-12-31,1.9,6,TBM
8,FIZ-MULTI,2025-10-01,2025-12-31,1.6,5,P6
8,SUW-4F,2025-10-01,2025-12-31,1.6,5,P6
9,SUW-3F,2024-04-01,2024-06-30,87.5,28,P6
9,SUW-1F,2024-04-01,2024-06-30,12.5,4,P6
9,SUW-1F,2024-07-01,2024-09-30,99.5,216,P6
9,FAB-1F,2024-07-01,2024-09-30,0.5,1,QUALITY
9,FAB-1F,2024-10-01,2024-12-31,100.0,7,QUALITY
9,FAB-2F,2025-04-01,2025-06-30,55.2,69,TBM
9,FAB-1F,2025-04-01,2025-06-30,35.2,44,TBM
9,FAB-3F,2025-04-01,2025-06-30,5.6,7,TBM
9,FAB-B1F,2025-04-01,2025-06-30,4.0,5,TBM
9,FAB-1F,2025-07-01,2025-09-30,45.7,351,TBM
9,FAB-2F,2025-07-01,2025-09-30,31.2,240,TBM
9,FAB-3F,2025-07-01,2025-09-30,12.4,95,TBM
9,FAB-B1F,2025-07-01,2025-09-30,8.1,62,TBM
9,FAB-4F,2025-07-01,2025-09-30,2.5,19,TBM
9,FAB-OUTSIDE(GROUND FLOOR),2025-07-01,2025-09-30,0.1,1,TBM
9,FAB-2F,2025-10-01,2025-12-31,57.9,496,TBM
9,FAB-1F,2025-10-01,2025-12-31,17.1,146,TBM
9,FAB-3F,2025-10-01,2025-12-31,16.8,144,TBM
9,FAB-4F,2025-10-01,2025-12-31,7.0,60,TBM
9,FAB-B1F,2025-10-01,2025-12-31,1.2,10,TBM
10,SUE-4F,2024-01-01,2024-03-31,46.4,124,P6
10,SUW-1F,2024-01-01,2024-03-31,12.4,33,P6
10,SUE-2F,2024-01-01,2024-03-31,11.2,30,P6
10,SUE-3F,2024-01-01,2024-03-31,9.4,25,P6
10,MULTI-MULTI,2024-01-01,2024-03-31,8.6,23,P6
10,MULTI-1F,2024-01-01,2024-03-31,8.2,22,P6
10,SUW-4F,2024-01-01,2024-03-31,3.7,10,P6
10,SUW-4F,2024-04-01,2024-06-30,39.2,1875,P6
10,SUE-4F,2024-04-01,2024-06-30,35.6,1703,P6
10,SUE-2F,2024-04-01,2024-06-30,8.5,407,P6
10,SUW-2F,2024-04-01,2024-06-30,7.3,351,P6
10,SUW-3F,2024-04-01,2024-06-30,3.3,160,P6
10,SUW-5F,2024-04-01,2024-06-30,1.3,62,P6
10,FAB-3F,2024-04-01,2024-06-30,1.0,50,P6
10,FIZ-2F,2024-04-01,2024-06-30,1.0,47,P6
10,SUE-5F,2024-04-01,2024-06-30,0.7,33,P6
10,SUE-6F,2024-04-01,2024-06-30,0.6,29,P6
10,SUE-3F,2024-04-01,2024-06-30,0.5,22,P6
10,SUW-1F,2024-04-01,2024-06-30,0.3,12,P6
10,FIZ-4F,2024-04-01,2024-06-30,0.2,10,P6
10,FAB-2F,2024-04-01,2024-06-30,0.1,4,P6
10,FAB-MULTI,2024-04-01,2024-06-30,0.1,3,P6
10,FIZ-1F,2024-04-01,2024-06-30,0.1,3,P6
10,SUE-1F,2024-04-01,2024-06-30,0.1,5,P6
10,SUW-6F,2024-04-01,2024-06-30,0.0,2,P6
10,SUW-2F,2024-07-01,2024-09-30,24.1,612,P6
10,SUW-4F,2024-07-01,2024-09-30,23.8,606,P6
10,SUE-2F,2024-07-01,2024-09-30,16.0,406,P6
10,FAB-3F,2024-07-01,2024-09-30,11.9,303,P6
10,SUE-4F,2024-07-01,2024-09-30,7.8,198,P6
10,SUW-1F,2024-07-01,2024-09-30,5.6,143,P6
10,SUE-1F,2024-07-01,2024-09-30,3.9,99,P6
10,SUE-3F,2024-07-01,2024-09-30,2.0,52,P6
10,FIZ-1F,2024-07-01,2024-09-30,1.3,32,P6
10,SUE-5F,2024-07-01,2024-09-30,1.1,27,P6
10,SUW-5F,2024-07-01,2024-09-30,1.1,27,P6
10,FAB-2F,2024-07-01,2024-09-30,1.0,26,P6
10,FAB-MULTI,2024-07-01,2024-09-30,0.4,9,P6
10,SUW-6F,2024-07-01,2024-09-30,0.1,3,P6
10,FAB-MULTI,2024-10-01,2024-12-31,20.6,50,P6
10,SUW-4F,2024-10-01,2024-12-31,19.3,47,P6
10,SUW-MULTI,2024-10-01,2024-12-31,18.1,44,P6
10,SUE-2F,2024-10-01,2024-12-31,11.9,29,P6
10,SUE-MULTI,2024-10-01,2024-12-31,9.1,22,P6
10,SUW-1F,2024-10-01,2024-12-31,7.8,19,P6
10,SUE-1F,2024-10-01,2024-12-31,6.2,15,P6
10,SUE-4F,2024-10-01,2024-12-31,4.5,11,P6
10,FIZ-1F,2024-10-01,2024-12-31,2.5,6,P6
10,SUE-1F,2025-01-01,2025-03-31,33.8,22,P6
10,FIZ-1F,2025-01-01,2025-03-31,26.2,17,P6
10,SUW-1F,2025-01-01,2025-03-31,26.2,17,P6
10,SUE-2F,2025-01-01,2025-03-31,7.7,5,P6
10,SUE-4F,2025-01-01,2025-03-31,6.2,4,P6
10,FAB-3F,2025-04-01,2025-06-30,35.0,57,TBM
10,FAB-2F,2025-04-01,2025-06-30,26.4,43,TBM
10,FAB-4F,2025-04-01,2025-06-30,11.7,19,TBM
10,SUE-4F,2025-04-01,2025-06-30,11.0,18,P6
10,SUP-3F,2025-04-01,2025-06-30,4.3,7,TBM
10,SUP-4F,2025-04-01,2025-06-30,4.3,7,TBM
10,SUE-1F,2025-04-01,2025-06-30,2.5,4,P6
10,SUE-2F,2025-04-01,2025-06-30,2.5,4,P6
10,SUP-2F,2025-04-01,2025-06-30,1.8,3,TBM
10,FAB-6F,2025-04-01,2025-06-30,0.6,1,TBM
10,FAB-3F,2025-07-01,2025-09-30,59.7,86,TBM
10,FAB-4F,2025-07-01,2025-09-30,17.4,25,TBM
10,SUE-4F,2025-07-01,2025-09-30,7.6,11,P6
10,FAB-1F,2025-07-01,2025-09-30,6.9,10,TBM
10,SUE-1F,2025-07-01,2025-09-30,5.6,8,P6
10,SUE-2F,2025-07-01,2025-09-30,2.8,4,P6
10,FAB-3F,2025-10-01,2025-12-31,62.0,49,TBM
10,SUE-4F,2025-10-01,2025-12-31,31.6,25,P6
10,SUE-2F,2025-10-01,2025-12-31,6.3,5,P6
11,SUW-1F,2024-01-01,2024-03-31,20.3,87,P6
11,SUE-4F,2024-01-01,2024-03-31,18.2,78,P6
11,SUE-6F,2024-01-01,2024-03-31,15.2,65,P6
11,SUW-2F,2024-01-01,2024-03-31,12.4,53,P6
11,SUW-4F,2024-01-01,2024-03-31,7.9,34,P6
11,FAB-4F,2024-01-01,2024-03-31,6.8,29,P6
11,FIZ-4F,2024-01-01,2024-03-31,6.8,29,P6
11,SUE-1F,2024-01-01,2024-03-31,6.8,29,P6
11,SUE-2F,2024-01-01,2024-03-31,5.6,24,P6
11,SUE-4F,2024-04-01,2024-06-30,17.4,173,P6
11,SUW-2F,2024-04-01,2024-06-30,12.1,120,P6
11,SUE-3F,2024-04-01,2024-06-30,12.0,119,P6
11,SUW-MULTI,2024-04-01,2024-06-30,10.5,104,P6
11,SUW-4F,2024-04-01,2024-06-30,8.7,87,P6
11,FIZ-4F,2024-04-01,2024-06-30,8.4,84,P6
11,FAB-4F,2024-04-01,2024-06-30,5.8,58,P6
11,SUE-2F,2024-04-01,2024-06-30,5.3,53,P6
11,SUW-1F,2024-04-01,2024-06-30,4.9,49,P6
11,SUW-3F,2024-04-01,2024-06-30,3.9,39,P6
11,SUE-1F,2024-04-01,2024-06-30,3.7,37,P6
11,FIZ-1F,2024-04-01,2024-06-30,3.0,30,P6
11,SUE-6F,2024-04-01,2024-06-30,2.2,22,P6
11,SUE-MULTI,2024-04-01,2024-06-30,1.6,16,P6
11,FAB-5F,2024-04-01,2024-06-30,0.2,2,P6
11,SUE-5F,2024-04-01,2024-06-30,0.2,2,P6
11,SUW-MULTI,2024-07-01,2024-09-30,18.5,263,P6
11,SUW-1F,2024-07-01,2024-09-30,15.3,218,P6
11,SUE-3F,2024-07-01,2024-09-30,11.5,163,P6
11,SUE-MULTI,2024-07-01,2024-09-30,9.9,141,P6
11,SUW-3F,2024-07-01,2024-09-30,8.6,122,P6
11,SUE-4F,2024-07-01,2024-09-30,7.3,104,P6
11,SUE-1F,2024-07-01,2024-09-30,6.5,93,P6
11,SUE-6F,2024-07-01,2024-09-30,6.3,89,P6
11,FIZ-4F,2024-07-01,2024-09-30,5.6,80,P6
11,SUW-2F,2024-07-01,2024-09-30,3.9,55,P6
11,FAB-MULTI,2024-07-01,2024-09-30,3.8,54,P6
11,SUW-4F,2024-07-01,2024-09-30,2.5,36,P6
11,FAB-5F,2024-07-01,2024-09-30,0.1,2,P6
11,FIZ-1F,2024-07-01,2024-09-30,0.1,1,P6
11,SUE-5F,2024-07-01,2024-09-30,0.1,1,P6
11,SUW-MULTI,2024-10-01,2024-12-31,43.8,338,P6
11,SUE-6F,2024-10-01,2024-12-31,15.4,119,P6
11,SUE-MULTI,2024-10-01,2024-12-31,10.2,79,P6
11,SUW-1F,2024-10-01,2024-12-31,7.3,56,P6
11,SUW-2F,2024-10-01,2024-12-31,6.5,50,P6
11,SUE-3F,2024-10-01,2024-12-31,5.8,45,P6
11,SUE-4F,2024-10-01,2024-12-31,3.8,29,P6
11,SUE-1F,2024-10-01,2024-12-31,3.6,28,P6
11,SUW-3F,2024-10-01,2024-12-31,2.9,22,P6
11,SUE-2F,2024-10-01,2024-12-31,0.6,5,P6
11,SUW-MULTI,2025-01-01,2025-03-31,60.5,288,P6
11,SUE-MULTI,2025-01-01,2025-03-31,13.7,65,P6
11,SUW-1F,2025-01-01,2025-03-31,12.2,58,P6
11,SUE-4F,2025-01-01,2025-03-31,2.7,13,P6
11,SUE-6F,2025-01-01,2025-03-31,2.7,13,P6
11,SUW-2F,2025-01-01,2025-03-31,2.7,13,P6
11,SUW-4F,2025-01-01,2025-03-31,2.5,12,P6
11,SUE-1F,2025-01-01,2025-03-31,1.9,9,P6
11,SUE-2F,2025-01-01,2025-03-31,1.1,5,P6
11,SUW-MULTI,2025-04-01,2025-06-30,67.8,346,P6
11,SUE-MULTI,2025-04-01,2025-06-30,21.8,111,P6
11,SUW-1F,2025-04-01,2025-06-30,5.9,30,P6
11,SUE-1F,2025-04-01,2025-06-30,1.0,5,P6
11,SUE-2F,2025-04-01,2025-06-30,1.0,5,P6
11,SUE-4F,2025-04-01,2025-06-30,1.0,5,P6
11,SUW-2F,2025-04-01,2025-06-30,0.8,4,P6
11,SUW-4F,2025-04-01,2025-06-30,0.8,4,P6
11,SUW-MULTI,2025-07-01,2025-09-30,61.1,192,P6
11,SUE-MULTI,2025-07-01,2025-09-30,18.5,58,P6
11,SUW-1F,2025-07-01,2025-09-30,15.6,49,P6
11,SUE-1F,2025-07-01,2025-09-30,1.0,3,P6
11,SUE-2F,2025-07-01,2025-09-30,1.0,3,P6
11,SUE-4F,2025-07-01,2025-09-30,1.0,3,P6
11,SUW-2F,2025-07-01,2025-09-30,1.0,3,P6
11,SUW-4F,2025-07-01,2025-09-30,1.0,3,P6
11,SUW-MULTI,2025-10-01,2025-12-31,60.7,102,P6
11,SUW-1F,2025-10-01,2025-12-31,16.1,27,P6
11,SUE-MULTI,2025-10-01,2025-12-31,8.3,14,P6
11,SUE-1F,2025-10-01,2025-12-31,3.0,5,P6
11,SUE-2F,2025-10-01,2025-12-31,3.0,5,P6
11,SUE-4F,2025-10-01,2025-12-31,3.0,5,P6
11,SUW-2F,2025-10-01,2025-12-31,3.0,5,P6
11,SUW-4F,2025-10-01,2025-12-31,3.0,5,P6
11,SUW-MULTI,2026-01-01,2026-03-31,75.0,3,P6
11,SUW-1F,2026-01-01,2026-03-31,25.0,1,P6
13,SUE-MULTI,2024-04-01,2024-06-30,52.1,617,P6
13,SUW-MULTI,2024-04-01,2024-06-30,42.6,505,P6
13,FIZ-MULTI,2024-04-01,2024-06-30,3.0,35,P6
13,SUW-4F,2024-04-01,2024-06-30,2.2,26,P6
13,SUW-1F,2024-04-01,2024-06-30,0.2,2,P6
13,SUW-MULTI,2024-07-01,2024-09-30,49.1,347,P6
13,SUE-MULTI,2024-07-01,2024-09-30,41.7,295,P6
13,FIZ-MULTI,2024-07-01,2024-09-30,7.8,55,P6
13,SUE-1F,2024-07-01,2024-09-30,1.1,8,P6
13,SUW-1F,2024-07-01,2024-09-30,0.3,2,P6
13,SUW-MULTI,2024-10-01,2024-12-31,64.2,212,P6
13,SUE-MULTI,2024-10-01,2024-12-31,29.1,96,P6
13,SUE-1F,2024-10-01,2024-12-31,6.7,22,P6
13,SUW-MULTI,2025-01-01,2025-03-31,59.6,59,P6
13,FAB-2F,2025-01-01,2025-03-31,12.1,12,TBM
13,FAB-4F,2025-01-01,2025-03-31,12.1,12,TBM
13,SUE-MULTI,2025-01-01,2025-03-31,9.1,9,P6
13,FAB-1F,2025-01-01,2025-03-31,4.0,4,TBM
13,FAB-3F,2025-01-01,2025-03-31,3.0,3,TBM
13,FAB-1F,2025-04-01,2025-06-30,44.1,90,TBM
13,FAB-3F,2025-04-01,2025-06-30,22.5,46,TBM
13,FAB-4F,2025-04-01,2025-06-30,17.2,35,TBM
13,FAB-2F,2025-04-01,2025-06-30,16.2,33,TBM
13,FAB-1F,2025-07-01,2025-09-30,39.8,49,TBM
13,FAB-4F,2025-07-01,2025-09-30,26.8,33,TBM
13,FAB-3F,2025-07-01,2025-09-30,25.2,31,TBM
13,FAB-2F,2025-07-01,2025-09-30,8.1,10,TBM
13,FAB-2F,2025-10-01,2025-12-31,43.2,19,TBM
13,FAB-1F,2025-10-01,2025-12-31,34.1,15,TBM
13,FAB-3F,2025-10-01,2025-12-31,22.7,10,TBM
14,FAB-1F,2025-01-01,2025-03-31,54.5,6,TBM
14,FAB-2F,2025-01-01,2025-03-31,18.2,2,TBM
14,FAB-3F,2025-01-01,2025-03-31,18.2,2,TBM
14,FAB-4F,2025-01-01,2025-03-31,9.1,1,TBM
14,FAB-3F,2025-04-01,2025-06-30,56.4,84,TBM
14,FAB-1F,2025-04-01,2025-06-30,22.1,33,TBM
14,FAB-2F,2025-04-01,2025-06-30,16.8,25,TBM
14,FAB-OUTSIDE(GROUND FLOOR),2025-04-01,2025-06-30,3.4,5,TBM
14,FAB-4F,2025-04-01,2025-06-30,1.3,2,TBM
14,FAB-2F,2025-07-01,2025-09-30,49.3,36,TBM
14,FAB-3F,2025-07-01,2025-09-30,31.5,23,TBM
14,FAB-OUTSIDE(GROUND FLOOR),2025-07-01,2025-09-30,13.7,10,TBM
14,FAB-4F,2025-07-01,2025-09-30,5.5,4,TBM
15,FAB-2F,2024-01-01,2024-03-31,100.0,29,P6
15,FAB-2F,2024-04-01,2024-06-30,94.6,87,P6
15,SUE-2F,2024-04-01,2024-06-30,5.4,5,QUALITY
15,FAB-2F,2025-01-01,2025-03-31,40.0,20,TBM
15,FAB-3F,2025-01-01,2025-03-31,40.0,20,TBM
15,FAB-1F,2025-01-01,2025-03-31,20.0,10,TBM
15,FAB-2F,2025-04-01,2025-06-30,54.4,111,TBM
15,FAB-3F,2025-04-01,2025-06-30,35.3,72,TBM
15,FAB-1F,2025-04-01,2025-06-30,10.3,21,TBM
15,FAB-2F,2025-07-01,2025-09-30,62.4,118,TBM
15,FAB-1F,2025-07-01,2025-09-30,21.2,40,TBM
15,FAB-4F,2025-07-01,2025-09-30,13.2,25,TBM
15,FAB-3F,2025-07-01,2025-09-30,3.2,6,TBM
15,FAB-2F,2025-10-01,2025-12-31,95.7,90,TBM
15,FAB-1F,2025-10-01,2025-12-31,4.3,4,TBM
16,SUW-6F,2024-04-01,2024-06-30,76.5,26,P6
16,SUW-4F,2024-04-01,2024-06-30,14.7,5,P6
16,SUW-3F,2024-04-01,2024-06-30,8.8,3,P6
16,SUW-3F,2024-07-01,2024-09-30,40.2,165,P6
16,SUW-4F,2024-07-01,2024-09-30,24.6,101,P6
16,SUW-2F,2024-07-01,2024-09-30,23.4,96,P6
16,SUW-1F,2024-07-01,2024-09-30,6.3,26,P6
16,SUW-6F,2024-07-01,2024-09-30,5.4,22,P6
16,SUP-2F,2025-01-01,2025-03-31,66.7,20,TBM
16,SUP-4F,2025-01-01,2025-03-31,33.3,10,TBM
16,SUP-3F,2025-04-01,2025-06-30,42.9,78,TBM
16,SUP-4F,2025-04-01,2025-06-30,23.1,42,TBM
16,SUP-2F,2025-04-01,2025-06-30,22.5,41,TBM
16,SUW-4F,2025-04-01,2025-06-30,6.0,11,P6
16,SUP-1F,2025-04-01,2025-06-30,5.5,10,TBM
16,SUP-3F,2025-07-01,2025-09-30,100.0,3,TBM
17,FAB-2F,2025-01-01,2025-03-31,100.0,2,TBM
17,FAB-2F,2025-04-01,2025-06-30,37.8,14,TBM
17,FAB-1F,2025-04-01,2025-06-30,27.0,10,TBM
17,FAB-3F,2025-04-01,2025-06-30,27.0,10,TBM
17,FAB-4F,2025-04-01,2025-06-30,8.1,3,TBM
17,FAB-3F,2025-07-01,2025-09-30,75.4,98,TBM
17,FAB-2F,2025-07-01,2025-09-30,15.4,20,TBM
17,FAB-4F,2025-07-01,2025-09-30,9.2,12,TBM
17,FAB-2F,2025-10-01,2025-12-31,46.4,58,TBM
17,FAB-1F,2025-10-01,2025-12-31,28.0,35,TBM
17,FAB-3F,2025-10-01,2025-12-31,12.8,16,TBM
17,FAB-4F,2025-10-01,2025-12-31,12.0,15,TBM
17,FAB-OUTSIDE(GROUND FLOOR),2025-10-01,2025-12-31,0.8,1,TBM
19,FAB-1F,2024-10-01,2024-12-31,100.0,2,QUALITY
21,SUW-4F,2024-01-01,2024-03-31,100.0,29,P6
21,SUW-4F,2024-04-01,2024-06-30,31.9,249,P6
21,SUW-3F,2024-04-01,2024-06-30,18.2,142,P6
21,SUE-4F,2024-04-01,2024-06-30,17.3,135,P6
21,SUE-3F,2024-04-01,2024-06-30,12.9,101,P6
21,SUE-2F,2024-04-01,2024-06-30,12.2,95,P6
21,SUW-2F,2024-04-01,2024-06-30,5.9,46,P6
21,FIZ-3F,2024-04-01,2024-06-30,0.6,5,P6
21,FIZ-4F,2024-04-01,2024-06-30,0.6,5,P6
21,FIZ-2F,2024-04-01,2024-06-30,0.3,2,P6
21,SUE-4F,2024-07-01,2024-09-30,29.6,180,P6
21,SUW-4F,2024-07-01,2024-09-30,16.1,98,P6
21,SUE-3F,2024-07-01,2024-09-30,14.1,86,P6
21,FIZ-4F,2024-07-01,2024-09-30,11.0,67,P6
21,SUE-2F,2024-07-01,2024-09-30,7.6,46,P6
21,FIZ-3F,2024-07-01,2024-09-30,6.9,42,P6
21,SUW-2F,2024-07-01,2024-09-30,4.4,27,P6
21,SUW-3F,2024-07-01,2024-09-30,4.4,27,P6
21,FIZ-2F,2024-07-01,2024-09-30,3.5,21,P6
21,SUE-MULTI,2024-07-01,2024-09-30,2.3,14,P6
21,SUW-4F,2024-10-01,2024-12-31,46.8,58,P6
21,SUE-4F,2024-10-01,2024-12-31,22.6,28,P6
21,SUW-2F,2024-10-01,2024-12-31,15.3,19,P6
21,SUW-3F,2024-10-01,2024-12-31,15.3,19,P6
21,SUE-4F,2025-01-01,2025-03-31,100.0,5,P6
21,SUE-4F,2025-04-01,2025-06-30,100.0,5,P6
21,SUE-4F,2025-07-01,2025-09-30,100.0,3,P6
21,SUE-4F,2025-10-01,2025-12-31,100.0,5,P6
22,SUW-2F,2024-07-01,2024-09-30,26.5,41,P6
22,SUW-1F,2024-07-01,2024-09-30,21.3,33,P6
22,SUW-3F,2024-07-01,2024-09-30,19.4,30,P6
22,SUE-3F,2024-07-01,2024-09-30,17.4,27,P6
22,SUE-1F,2024-07-01,2024-09-30,11.6,18,P6
22,SUE-2F,2024-07-01,2024-09-30,3.9,6,P6
22,SUW-2F,2024-10-01,2024-12-31,26.0,60,P6
22,SUW-3F,2024-10-01,2024-12-31,22.1,51,P6
22,SUW-1F,2024-10-01,2024-12-31,19.5,45,P6
22,SUE-3F,2024-10-01,2024-12-31,18.2,42,P6
22,SUE-1F,2024-10-01,2024-12-31,7.8,18,P6
22,SUE-2F,2024-10-01,2024-12-31,3.5,8,P6
22,FAB-MULTI,2024-10-01,2024-12-31,3.0,7,P6
22,SUW-2F,2025-01-01,2025-03-31,25.0,127,P6
22,SUW-1F,2025-01-01,2025-03-31,23.2,118,P6
22,SUE-3F,2025-01-01,2025-03-31,18.9,96,P6
22,SUW-3F,2025-01-01,2025-03-31,17.3,88,P6
22,SUE-1F,2025-01-01,2025-03-31,9.0,46,P6
22,SUE-2F,2025-01-01,2025-03-31,3.5,18,P6
22,SUE-MULTI,2025-01-01,2025-03-31,1.2,6,P6
22,FAB-MULTI,2025-01-01,2025-03-31,1.0,5,P6
22,SUW-MULTI,2025-01-01,2025-03-31,1.0,5,P6
22,SUW-1F,2025-04-01,2025-06-30,49.7,160,P6
22,SUW-2F,2025-04-01,2025-06-30,21.7,70,P6
22,SUW-3F,2025-04-01,2025-06-30,18.0,58,P6
22,SUE-1F,2025-04-01,2025-06-30,5.6,18,P6
22,SUE-2F,2025-04-01,2025-06-30,1.9,6,P6
22,SUW-MULTI,2025-04-01,2025-06-30,1.6,5,P6
22,SUE-MULTI,2025-04-01,2025-06-30,0.9,3,P6
22,FAB-MULTI,2025-04-01,2025-06-30,0.6,2,P6
22,SUW-1F,2025-07-01,2025-09-30,46.2,74,P6
22,SUW-2F,2025-07-01,2025-09-30,42.5,68,P6
22,SUW-3F,2025-07-01,2025-09-30,4.4,7,P6
22,SUW-MULTI,2025-07-01,2025-09-30,3.8,6,P6
22,SUE-MULTI,2025-07-01,2025-09-30,3.1,5,P6
22,SUW-1F,2025-10-01,2025-12-31,72.1,62,P6
22,SUW-2F,2025-10-01,2025-12-31,11.6,10,P6
22,SUE-MULTI,2025-10-01,2025-12-31,9.3,8,P6
22,SUW-MULTI,2025-10-01,2025-12-31,7.0,6,P6
23,SUE-1F,2024-04-01,2024-06-30,50.0,1,P6
23,SUW-1F,2024-04-01,2024-06-30,50.0,1,P6
23,SUE-1F,2024-07-01,2024-09-30,50.0,9,P6
23,SUW-3F,2024-07-01,2024-09-30,27.8,5,P6
23,SUW-1F,2024-07-01,2024-09-30,22.2,4,P6
23,SUE-1F,2024-10-01,2024-12-31,47.4,9,P6
23,SUW-1F,2024-10-01,2024-12-31,31.6,6,P6
23,SUW-3F,2024-10-01,2024-12-31,21.1,4,P6
23,SUE-1F,2025-01-01,2025-03-31,36.8,7,P6
23,SUW-3F,2025-01-01,2025-03-31,36.8,7,P6
23,SUW-1F,2025-01-01,2025-03-31,26.3,5,P6
23,SUE-1F,2025-04-01,2025-06-30,38.1,8,P6
23,SUW-3F,2025-04-01,2025-06-30,38.1,8,P6
23,SUW-1F,2025-04-01,2025-06-30,23.8,5,P6
23,SUE-1F,2025-07-01,2025-09-30,64.5,20,P6
23,SUW-1F,2025-07-01,2025-09-30,25.8,8,P6
23,SUW-3F,2025-07-01,2025-09-30,9.7,3,P6
23,SUE-1F,2025-10-01,2025-12-31,66.7,4,P6
23,SUW-3F,2025-10-01,2025-12-31,33.3,2,P6
31,SUE-3F,2024-04-01,2024-06-30,33.3,2,P6
31,SUW-2F,2024-04-01,2024-06-30,33.3,2,P6
31,SUW-3F,2024-04-01,2024-06-30,33.3,2,P6
31,SUW-2F,2024-07-01,2024-09-30,26.9,50,P6
31,SUW-3F,2024-07-01,2024-09-30,24.7,46,P6
31,SUE-2F,2024-07-01,2024-09-30,17.7,33,P6
31,SUW-1F,2024-07-01,2024-09-30,11.8,22,P6
31,SUE-1F,2024-07-01,2024-09-30,10.8,20,P6
31,SUE-3F,2024-07-01,2024-09-30,8.1,15,P6
31,SUE-1F,2024-10-01,2024-12-31,23.7,52,P6
31,SUE-2F,2024-10-01,2024-12-31,23.3,51,P6
31,SUW-2F,2024-10-01,2024-12-31,18.3,40,P6
31,SUE-3F,2024-10-01,2024-12-31,16.4,36,P6
31,SUW-1F,2024-10-01,2024-12-31,11.4,25,P6
31,SUW-3F,2024-10-01,2024-12-31,4.6,10,P6
31,SUE-4F,2024-10-01,2024-12-31,2.3,5,P6
31,SUW-3F,2025-01-01,2025-03-31,37.6,82,P6
31,SUW-2F,2025-01-01,2025-03-31,15.1,33,P6
31,SUE-1F,2025-01-01,2025-03-31,13.8,30,P6
31,SUE-2F,2025-01-01,2025-03-31,13.8,30,P6
31,SUE-3F,2025-01-01,2025-03-31,11.5,25,P6
31,SUW-1F,2025-01-01,2025-03-31,6.9,15,P6
31,SUE-4F,2025-01-01,2025-03-31,1.4,3,P6
31,SUE-1F,2025-04-01,2025-06-30,23.0,90,P6
31,SUW-2F,2025-04-01,2025-06-30,21.7,85,P6
31,SUE-2F,2025-04-01,2025-06-30,21.2,83,P6
31,SUE-3F,2025-04-01,2025-06-30,16.1,63,P6
31,SUW-1F,2025-04-01,2025-06-30,10.7,42,P6
31,SUW-3F,2025-04-01,2025-06-30,4.3,17,P6
31,SUE-4F,2025-04-01,2025-06-30,2.8,11,P6
31,SUE-2F,2025-07-01,2025-09-30,26.7,50,P6
31,SUW-2F,2025-07-01,2025-09-30,21.9,41,P6
31,SUE-1F,2025-07-01,2025-09-30,20.3,38,P6
31,SUE-3F,2025-07-01,2025-09-30,17.6,33,P6
31,SUW-1F,2025-07-01,2025-09-30,9.1,17,P6
31,SUW-3F,2025-07-01,2025-09-30,2.7,5,P6
31,SUE-4F,2025-07-01,2025-09-30,1.6,3,P6
31,SUE-1F,2025-10-01,2025-12-31,21.6,62,P6
31,SUW-2F,2025-10-01,2025-12-31,21.6,62,P6
31,SUE-2F,2025-10-01,2025-12-31,19.9,57,P6
31,SUE-3F,2025-10-01,2025-12-31,17.1,49,P6
31,SUW-1F,2025-10-01,2025-12-31,12.5,36,P6
31,SUW-3F,2025-10-01,2025-12-31,5.6,16,P6
31,SUE-4F,2025-10-01,2025-12-31,1.7,5,P6
32,MULTI-MULTI,2024-01-01,2024-03-31,100.0,22,P6
32,SUE-1F,2024-07-01,2024-09-30,45.5,5,P6
32,SUW-1F,2024-07-01,2024-09-30,27.3,3,P6
32,SUW-3F,2024-07-01,2024-09-30,27.3,3,P6
32,SUE-1F,2024-10-01,2024-12-31,53.8,7,P6
32,SUW-1F,2024-10-01,2024-12-31,23.1,3,P6
32,SUW-3F,2024-10-01,2024-12-31,23.1,3,P6
32,SUE-1F,2025-01-01,2025-03-31,50.0,16,P6
32,SUW-1F,2025-01-01,2025-03-31,25.0,8,P6
32,SUW-3F,2025-01-01,2025-03-31,25.0,8,P6
32,SUE-1F,2025-04-01,2025-06-30,50.0,10,P6
32,SUW-1F,2025-04-01,2025-06-30,25.0,5,P6
32,SUW-3F,2025-04-01,2025-06-30,25.0,5,P6
32,SUE-1F,2025-07-01,2025-09-30,50.0,25,P6
32,SUW-1F,2025-07-01,2025-09-30,30.0,15,P6
32,SUW-3F,2025-07-01,2025-09-30,20.0,10,P6
32,SUE-1F,2025-10-01,2025-12-31,50.0,5,P6
32,SUW-3F,2025-10-01,2025-12-31,50.0,5,P6
33,SUE-4F,2024-07-01,2024-09-30,50.0,17,P6
33,SUE-2F,2024-07-01,2024-09-30,26.5,9,P6
33,SUE-1F,2024-07-01,2024-09-30,14.7,5,P6
33,SUW-1F,2024-07-01,2024-09-30,8.8,3,P6
33,SUE-4F,2024-10-01,2024-12-31,54.3,19,P6
33,SUE-2F,2024-10-01,2024-12-31,20.0,7,P6
33,SUW-1F,2024-10-01,2024-12-31,14.3,5,P6
33,SUE-1F,2024-10-01,2024-12-31,11.4,4,P6
33,SUE-1F,2025-01-01,2025-03-31,38.5,60,P6
33,SUE-2F,2025-01-01,2025-03-31,38.5,60,P6
33,SUW-1F,2025-01-01,2025-03-31,12.8,20,P6
33,SUE-4F,2025-01-01,2025-03-31,10.3,16,P6
33,SUE-4F,2025-04-01,2025-06-30,77.4,24,P6
33,SUE-2F,2025-04-01,2025-06-30,12.9,4,P6
33,SUE-1F,2025-04-01,2025-06-30,9.7,3,P6
33,SUE-4F,2025-07-01,2025-09-30,76.5,13,P6
33,SUE-2F,2025-07-01,2025-09-30,23.5,4,P6
33,SUE-4F,2025-10-01,2025-12-31,82.1,23,P6
33,SUE-2F,2025-10-01,2025-12-31,17.9,5,P6
